AGE,GENDER,CONDITION,ID,ID METRICS,RECALL,RECOGNITION,lesson,avg_RECALL,avg_RECOGNITION,apq11Shimmer,apq3Shimmer,apq5Shimmer,ddaShimmer,ddpJitter,HNR,localabsoluteJitter,localdbShimmer,localJitter,localShimmer,maxIntensity,maxPitch,meanF0Hz,meanIntensity,meanPitch,minIntensity,minPitch,ppq5Jitter,rapJitter,stdevF0Hz,type_of_feature
26,Female,1,sarah4,Sarah-4 Human,36%,100%,frikandel,37%,89%,-0.6016839569,-0.4671703672,-0.4359509154,-0.4671703672,-0.6847587645,-1.100277876,-0.4541771737,-0.5789052761,-0.5716089366,-0.576242892,-0.515822787,-0.5054255942,-0.7353420964,-0.6333018743,-0.4736124501,-0.4877754607,-0.4328813961,-0.5500824994,-0.6847587645,-0.5668806268,proximity
23,Female,2,Nash- Dec 11 16:30- Robot- Female,Nash- Dec 11 16_30- Robot- Female,16%,67%,frikandel,28%,50%,-0.3261918161,-0.6210115018,-0.6182473937,-0.6210115018,-0.6810812458,-0.7342958732,-0.7251879279,-0.6616231677,-0.6892562486,-0.6790387816,-0.4110639005,-0.3220150678,-0.5125404029,-0.5704522205,-0.4669884458,-0.4852565256,-0.5643002777,-0.6630855234,-0.6810812458,-0.4536114519,proximity
22,Male,2,Nash- Dec 11 17:30- Robot- Male,Nash- Dec 11 17_30- Robot- Male,36%,100%,frikandel,35%,83%,-0.3235523307,-0.7171917609,-0.4342801038,-0.7171917609,-0.637519962,-0.7334901744,-0.6301375497,-0.4060825233,-0.5586356151,-0.4142111462,-0.5203625677,-0.473034165,-0.4647666687,-0.6645095889,-0.384098277,-0.6340262065,-0.4347983056,-0.5160865423,-0.637519962,-0.4806244488,proximity
49,Female,1,Nash5,Nash5- Human,24%,67%,frikandel,21%,56%,-0.4394213371,-0.9845205857,-0.9025402845,-0.9845205857,-0.5088458483,-0.7007675291,-0.4463836967,-0.6102827585,-0.3939270641,-0.6879204596,-0.631545182,-0.4824908467,-0.6704613356,-0.5040247204,-0.5566053615,-0.4454476183,-0.6733874751,-0.5578554783,-0.5088458483,-0.3801291572,proximity
30,Male,2,Masha12,Masha12-Robot,24%,100%,frikandel,26%,100%,-0.3525804198,-0.3324597976,-0.3247964029,-0.3324597976,-0.3030074903,-0.7000097093,-0.290363361,-0.2288543485,-0.2404096929,-0.263302139,-0.5235482259,-0.4056165765,-0.519157027,-0.3820650588,-0.7280153776,-0.4546769343,-0.9370256819,-0.3045716501,-0.3030074903,-0.2960179443,proximity
25,Female,2,Sarah5,Sarah-5 Furhat,56%,100%,frikandel,39%,100%,-0.5270098417,-0.5061663227,-0.5315349322,-0.5061663227,-0.6504874851,-0.685229112,-0.3930080708,-0.4207395943,-0.5807970493,-0.4277414046,-0.3468930696,-0.4020090241,-0.6933377601,-0.5228286415,-0.6009798855,-0.4804998606,-0.362396169,-0.6268706681,-0.6504874851,-0.5238721895,proximity
23,Female,1,Masha11,Masha11-Human,20%,100%,frikandel,35%,89%,-0.3191389049,-0.3939186232,-0.4034032843,-0.3939186232,-0.720959695,-0.681967872,-0.4137772235,-0.3817916669,-0.5017023704,-0.3614076994,-0.6400169606,-0.5322296671,-0.5785996159,-0.5170004376,-0.6865435727,-0.5213137729,-0.4051840785,-0.6159127069,-0.720959695,-0.5327721863,proximity
24,Female,1,Sarah9,Sarah-9 Human,40%,67%,frikandel,32%,83%,-0.6376173112,-0.591774571,-0.6826519662,-0.591774571,-0.5268226706,-0.6652474325,-0.5121854504,-0.5868174784,-0.5760688591,-0.5190138229,-0.583551856,-0.4298355942,-0.5397695486,-0.6050646426,-0.6664885784,-0.7735144526,-0.3331092098,-0.4970174519,-0.5268226706,-0.2686866405,proximity
30,Female,1,Nash9,Nash9- Human,28%,67%,frikandel,40%,78%,-0.5234184764,-0.4782946183,-0.6490376215,-0.4782946183,-0.4886320228,-0.6609344403,-0.4723463616,-0.4958141541,-0.4998739633,-0.5321275409,-0.5053039504,-0.4109714202,-0.5570137975,-0.5027456699,-0.4130353276,-0.5388544623,-0.466918523,-0.4116967119,-0.4886320228,-0.4045031812,proximity
27,Female,2,Nash1,Nash1,4%,83%,frikandel,12%,67%,-0.4708584574,-0.5136735135,-0.4505854502,-0.5136735135,-0.5683568651,-0.6596187914,-0.4356914915,-0.6114819094,-0.4313918493,-0.6523650066,-0.5331777194,-0.4005813762,-0.4533504225,-0.4032994684,-0.4253430476,-0.3213088942,-0.3207248669,-0.5319631735,-0.5683568651,-0.3151712122,proximity
22,Male,1,Nash3,Nash3,12%,67%,frikandel,31%,83%,-0.624963445,-0.501194735,-0.4755823556,-0.501194735,-0.4872970498,-0.6460556258,-0.3271316181,-0.3542166432,-0.3869887155,-0.3418614406,-0.6996674701,-0.4497006407,-0.4499681462,-0.6399601755,-0.6952237582,-0.4720601643,-0.4448443823,-0.4367091947,-0.4872970498,-0.3771030882,proximity
22,Male,1,Nash2,Nash2,8%,50%,frikandel,24%,50%,-0.5025965841,-0.7785192533,-0.6131523485,-0.7785192533,-0.7491855447,-0.6455529488,-0.5833907846,-0.66762591,-0.5576947985,-0.6744530341,-0.3384265014,-0.419278844,-0.6918721254,-0.3957985237,-0.6300142849,-0.446863782,-0.2278025686,-0.5251844441,-0.7491855447,-0.4297846318,proximity
26,Male,1,Dekel-6,Dekel-6,32%,83%,frikandel,26%,94%,-0.3688496889,-0.5206684966,-0.3431574467,-0.5206684966,-0.5833963182,-0.6187080217,-0.5045382211,-0.3980012416,-0.5168642663,-0.4334955065,-0.4364225044,-0.3738633145,-0.4452203266,-0.4260212298,-0.420594332,-0.5060422692,-0.4156202568,-0.5639228469,-0.5833963182,-0.4315689903,proximity
66,Male,1,Nash8,Nash8- Human,32%,100%,frikandel,41%,83%,-0.4124465953,-0.5059397579,-0.4621267652,-0.5059397579,-0.4874273003,-0.6176356172,-0.4919202333,-0.4737274415,-0.4319434174,-0.4942836966,-0.5524397518,-0.5814776024,-0.642315475,-0.4319562934,-0.4494673269,-0.3406972942,-0.515917686,-0.5273047578,-0.4874273003,-0.3845224077,proximity
35,Male,1,Nash6,Nash6- Human,12%,50%,frikandel,15%,61%,-0.4953565907,-0.632752312,-0.605301367,-0.632752312,-0.6370773051,-0.6039511737,-0.5802166395,-0.594192817,-0.5044290205,-0.6970999152,-0.4826466621,-0.5956992234,-0.4759009886,-0.530928832,-0.5676016859,-0.4512688598,-0.3708978042,-0.6099403399,-0.6370773051,-0.5741870499,proximity
27,Male,2,dekel-5,Dekel-5,36%,83%,frikandel,30%,72%,-0.4497107257,-0.6281520379,-0.50966658,-0.6281520379,-0.5069835953,-0.6024347336,-0.492764937,-0.6357233052,-0.468197939,-0.6171236373,-0.4865285234,-0.4535867511,-0.4819893531,-0.4258774839,-0.4538302859,-0.4218413472,-0.5828079918,-0.5757122949,-0.5069835953,-0.4841955321,proximity
24,Female,1,dekel-8,Dekel-8 Human,32%,100%,frikandel,29%,94%,-0.4706422853,-0.6580821084,-0.5658174842,-0.6580821084,-0.6767660546,-0.6021761306,-0.5353610169,-0.5787229545,-0.582575505,-0.5878525047,-0.5162425125,-0.6078434698,-0.4435305834,-0.4752088159,-0.4545121348,-0.5136141965,-0.4419085098,-0.6947597586,-0.6767660546,-0.6356576983,proximity
25,Female,1,Nash10,Nash10- Human,20%,67%,frikandel,21%,78%,-0.5168683263,-0.5189147019,-0.5203832228,-0.5189147019,-0.5404347803,-0.5898777827,-0.4984195625,-0.5941301209,-0.4476025252,-0.5891603333,-0.5223151621,-0.4502225715,-0.5814607471,-0.4252259387,-0.7696944577,-0.3983371545,-0.4537103367,-0.576778753,-0.5404347803,-0.3203057354,proximity
22,Female,2,Dekel-2 Furhat,Dekel-2 Furhat,32%,83%,frikandel,31%,78%,-0.3701848922,-0.5179145328,-0.4185092247,-0.5179145328,-0.4727501956,-0.5611640292,-0.4190786692,-0.5031419666,-0.4971222271,-0.526222317,-0.5193896245,-0.44097031,-0.4697469321,-0.4495640845,-0.5000052243,-0.3767862212,-0.4103195878,-0.5756207953,-0.4727501956,-0.4535792051,proximity
23,Female,2,Nash7,Nash7- Robot,16%,67%,frikandel,19%,78%,-0.3982477368,-0.3755208679,-0.330745698,-0.3755208679,-0.5761179455,-0.5602716042,-0.6418805134,-0.3939964128,-0.5647488254,-0.3708898342,-0.5293912858,-0.3247636302,-0.5250989226,-0.4759467582,-0.5190793093,-0.3626848337,-0.4813548963,-0.583324229,-0.5761179455,-0.3805029464,proximity
26,Male,2,Dekel/3,Dekel-3 Furhat,44%,67%,frikandel,25%,72%,-0.3403931487,-0.6687352175,-0.5919883122,-0.6687352175,-0.5650930629,-0.5573762914,-0.5654223497,-0.6162109432,-0.6348178218,-0.6254036912,-0.5290281238,-0.3432318158,-0.667368158,-0.6160587012,-0.4365766965,-0.3789453373,-0.3607838094,-0.6174246783,-0.5650930629,-0.5085185828,proximity
24,Male,1,Masha10,Masha10-Human,12%,67%,frikandel,19%,72%,-0.4233380461,-0.3592426651,-0.4723479494,-0.3592426651,-0.429152587,-0.5569052311,-0.4353023693,-0.4844423391,-0.4209231135,-0.5087398681,-0.4455439527,-0.4406115329,-0.5313520203,-0.5438061283,-0.5641693432,-0.4267255179,-0.3441589383,-0.5185315738,-0.429152587,-0.4702009836,proximity
60,Male,2,Sarah-2,Sarah-2 Furhat,12%,100%,frikandel,18%,94%,-0.454500221,-0.525435632,-0.5173438634,-0.525435632,-0.6087955608,-0.5535366244,-0.4955054297,-0.4645699305,-0.5971896558,-0.5162409335,-0.503985774,-0.3253783981,-0.6184232354,-0.3567619684,-0.4690390898,-0.3115619115,-0.4573644119,-0.5054968167,-0.6087955608,-0.5434146684,proximity
24,Female,1,Masha8,Masha8-Human,12%,50%,frikandel,17%,56%,-0.3817375399,-0.2922818429,-0.2322292557,-0.2922818429,-0.3835801727,-0.5431572383,-0.3079961646,-0.2820961054,-0.3092312774,-0.2837579307,-0.4349092946,-0.2687581519,-0.398243203,-0.4146814606,-0.2928080721,-0.401999237,-0.236549492,-0.3470690502,-0.3835801727,-0.567450759,proximity
25,Male,2,Sarah7,Sarah-7 Human,52%,100%,frikandel,33%,94%,-0.3639000017,-0.4020664267,-0.322464016,-0.4020664267,-0.678308981,-0.5395404441,-0.6631311317,-0.4398172856,-0.632911593,-0.4871958464,-0.4919412069,-0.3846703477,-0.4952314486,-0.511176187,-0.4691901826,-0.6115030187,-0.4214014876,-0.681777679,-0.678308981,-0.3764388543,proximity
26,Male,1,Nash-Dec 10 12:30- Human- Male,Nash-Dec 10 12_30- Human- Male,8%,83%,frikandel,25%,78%,-0.4532284686,-0.4365442737,-0.5219149106,-0.4365442737,-0.3571953177,-0.5140899315,-0.3383702754,-0.4509812777,-0.3453933847,-0.4391050744,-0.69919909,-0.3462169791,-0.3010080273,-0.3954686824,-0.3860893764,-0.4517524075,-0.4141632571,-0.3924196136,-0.3571953177,-0.3407509645,proximity
23,Male,2,Masha5,Masha5-Robot,40%,83%,frikandel,38%,89%,-0.3832400223,-0.4014416481,-0.5235297497,-0.4014416481,-0.4237424867,-0.5101706406,-0.386665111,-0.3983879044,-0.3741319353,-0.409110691,-0.490799076,-0.5453263391,-0.371592324,-0.4244717483,-0.492293185,-0.4104440272,-0.3392028648,-0.2951740356,-0.4237424867,-0.3852703753,proximity
27,Female,2,Sarah - 507 Furhat,Sarah - 507 Furhat,32%,100%,frikandel,36%,78%,-0.420171478,-0.5016014679,-0.4556365152,-0.5016014679,-0.4746938986,-0.5044902054,-0.4384641384,-0.4121082568,-0.5028462331,-0.4635087429,-0.7134554702,-0.6569778544,-0.5479022884,-0.5763723664,-0.4213499121,-0.306975709,-0.4444738385,-0.447810509,-0.4746938986,-0.6554904724,proximity
24,Female,1,Sarah6,Sarah-6 Human,36%,100%,frikandel,32%,89%,-0.400403379,-0.3640054473,-0.3506888093,-0.3640054473,-0.4750072039,-0.498968194,-0.5848749587,-0.3609425971,-0.4327984687,-0.3310706704,-0.4101161584,-0.5900697079,-0.5188321775,-0.3329780944,-0.5395483619,-0.2362068376,-0.3983965342,-0.4449878196,-0.4750072039,-0.5468061372,proximity
30,Male,1,Dekel-7,Dekel-7 Human,8%,67%,frikandel,11%,83%,-0.3868614321,-0.4167348208,-0.5498555856,-0.4167348208,-0.4011847777,-0.4966222897,-0.398537522,-0.4549163541,-0.3370581524,-0.4617272948,-0.4810085111,-0.5458182625,-0.4849959205,-0.5778399807,-0.436383573,-0.534888212,-0.3485049025,-0.4268338084,-0.4011847777,-0.4386262495,proximity
23,Male,2,Sarah12,Sarah-12 Furhat,52%,100%,frikandel,37%,94%,-0.2707398788,-0.4315473698,-0.5474919176,-0.4315473698,-0.6892904465,-0.4957899796,-0.6798569483,-0.5606467679,-0.6914309683,-0.580116284,-0.4829110482,-0.5411472929,-0.3701204238,-0.6048017936,-0.4213524924,-0.3298853432,-0.3804662721,-0.689148202,-0.6892904465,-0.3700230952,proximity
24,Male,2,sarah10,Sarah-10 Furhat,32%,83%,frikandel,30%,83%,-0.4732499013,-0.3822625814,-0.3420198308,-0.3822625814,-0.549461481,-0.488870067,-0.5460829037,-0.4075115346,-0.566784648,-0.3921657324,-0.5564526484,-0.5088869103,-0.5848006714,-0.3970785305,-0.5498193249,-0.5537900928,-0.3125725211,-0.5043324738,-0.549461481,-0.4096714514,proximity
23,Female,2,Masha2,Masha2-Robot,16%,83%,frikandel,29%,83%,-0.4249720048,-0.3488704748,-0.3343417108,-0.3488704748,-0.432953447,-0.486479424,-0.4249139529,-0.3730310182,-0.478168427,-0.3817597225,-0.4474061601,-0.4217870312,-0.3025160573,-0.4927812954,-0.3215500803,-0.5208167814,-0.4955951751,-0.4347124686,-0.432953447,-0.368132535,proximity
24,Female,2,Masha4,Masha4-Robot,36%,100%,frikandel,31%,78%,-0.3607862615,-0.3381312655,-0.4500696153,-0.3381312655,-0.4256091693,-0.4791440567,-0.534356585,-0.3527635211,-0.3872061008,-0.3471209053,-0.5060859063,-0.5274852482,-0.5100553229,-0.5419133176,-0.5786990738,-0.4816693916,-0.4149163038,-0.3941519286,-0.4256091693,-0.4565817752,proximity
26,Male,2,Sarah11,Sarah-11 Furhat,16%,100%,frikandel,22%,94%,-0.3994381423,-0.4716917619,-0.4429622143,-0.4716917619,-0.44884449,-0.4484497605,-0.587501506,-0.4555044377,-0.4732912267,-0.4274604442,-0.2802287729,-0.3374203415,-0.4072040288,-0.4111485875,-0.4028482175,-0.3581632178,-0.3430345209,-0.4011321516,-0.44884449,-0.4171728268,proximity
24,Female,2,Sarah8,Sarah-8 Furhat,48%,83%,frikandel,38%,83%,-0.3566404398,-0.4176340798,-0.3675512789,-0.4176340798,-0.3874587295,-0.444517348,-0.4674199254,-0.2722591071,-0.3916252445,-0.3720622143,-0.3219437329,-0.4198508551,-0.262481045,-0.43650494,-0.4473374031,-0.5843144107,-0.3612224898,-0.384027894,-0.3874587295,-0.5487079866,proximity
54,Male,1,Nash4,Nash4- Human,24%,83%,frikandel,26%,72%,-0.4346475502,-0.6561723507,-0.5330189129,-0.6561723507,-0.5590355805,-0.4407127282,-0.535257192,-0.5122223593,-0.4767030076,-0.5433187154,-0.4662606859,-0.5288550942,-0.5477197284,-0.4222229441,-0.431208415,-0.3571714867,-0.3995771121,-0.5060668054,-0.5590355805,-0.4055159473,proximity
24,Female,1,Masha3,Masha3-Human,28%,100%,frikandel,33%,89%,-0.4187398043,-0.4916331121,-0.4460501703,-0.4916331121,-0.4777722944,-0.4222321598,-0.4669485282,-0.4554234742,-0.4558832835,-0.5050855242,-0.5218217081,-0.5049827165,-0.4599981151,-0.408082821,-0.4343798191,-0.460612142,-0.4457208133,-0.4272904352,-0.4777722944,-0.3138357727,proximity
24,Female,1,sarah13,Sarah-13 Human,20%,100%,frikandel,31%,78%,-0.3038895875,-0.2873767803,-0.3622652753,-0.2873767803,-0.4218341695,-0.3852025405,-0.5009569281,-0.5036856867,-0.4537605188,-0.4572717853,-0.3216694172,-0.3762533599,-0.4773282423,-0.3374269438,-0.3929948062,-0.3568375356,-0.4048409439,-0.3342773861,-0.4218341695,-0.2368658565,proximity
52,Female,2,Masha9,Masha9-Robot,16%,83%,frikandel,27%,83%,-0.492230326,-0.8968281292,-0.7807015663,-0.8968281292,-0.2809281833,-0.3641138611,-0.3966508437,-0.7956196906,-0.1955207553,-0.8889544447,-0.9594726773,-0.3803472544,-0.4300884376,-0.3301262875,-0.3263706149,-0.2594387153,-0.6677612834,-0.2099946652,-0.2809281833,-0.3032837579,proximity
24,Male,2,Masha13,Masha13-Robot,32%,100%,frikandel,28%,94%,-0.3748682973,-0.3713719847,-0.3403392332,-0.3713719847,-0.4606489534,-0.3608720031,-0.3929637748,-0.4754271033,-0.352086816,-0.3598714296,-0.7811926143,-0.3670681526,-0.2655664025,-0.459464358,-0.2936745868,-0.3593406087,-0.4805604689,-0.4061968995,-0.4606489534,-0.4338737564,proximity
22,Female,2,Masha14,Masha14-Robot,44%,100%,frikandel,43%,100%,-0.311106521,-0.3810955941,-0.4761891876,-0.3810955941,-0.2545735021,-0.3475219051,-0.2661338683,-0.3280746363,-0.2648805716,-0.3960560515,-0.433313961,-0.355527711,-0.4421886951,-0.4002046121,-0.4508417047,-0.4204159506,-0.3997804489,-0.2517473921,-0.2545735021,-0.3527008045,proximity
29,Male,2,masha7,Masha7-Robot,48%,100%,frikandel,45%,94%,-0.3699269515,-0.4292272534,-0.5036261111,-0.4292272534,-0.3521824666,-0.3117161033,-0.3931409356,-0.3858270768,-0.4105618419,-0.3795184486,-0.6060829485,-0.3438984408,-0.6243421467,-0.3978608325,-0.3726731641,-0.4129696994,-0.3678051315,-0.3523173874,-0.3521824666,-0.3004298208,proximity
26,Female,1,sarah4,Sarah-4 Human,32%,83%,beer,,,-0.1503374374,0.3177660964,0.0701056121,0.3177660964,-0.02761897025,0.08756589573,-0.4066351842,0.09869390354,0.03430268137,0.18218987,0.5617578286,-0.2205855787,-0.02980838671,0.1919647385,-0.2873061306,0.3545483957,0.001363274335,0.01298046822,-0.02761897025,-0.06401162202,convergence
23,Female,2,Nash- Dec 11 16:30- Robot- Female,Nash- Dec 11 16_30- Robot- Female,41%,33%,beer,,,0.4095285814,0.1459305403,0.1420198178,0.1459305403,0.193055093,0.003950578099,0.1400526949,0.08793932349,0.05959662293,0.01283833365,0.4393436464,0.05596082793,-0.3202812009,0.04124981236,-0.1350919387,0.1405250632,0.01942215093,0.15632436,0.193055093,0.1304480309,convergence
22,Male,2,Nash- Dec 11 17:30- Robot- Male,Nash- Dec 11 17_30- Robot- Male,27%,67%,beer,,,0.1375155235,0.3596837802,0.147727264,0.3596837802,0.094752699,-0.236325577,-0.1743513724,0.6462822161,-0.2748751218,0.5980195851,0.3077426168,-0.3956872277,-0.1817135004,0.1912580204,-0.6311557772,0.07531963954,-0.6170109797,0.1451558642,0.094752699,-0.1901215513,convergence
49,Female,1,Nash5,Nash5- Human,14%,50%,beer,,,0.03369926959,0.3930554135,0.4837149195,0.3930554135,0.2276312476,-0.0420484912,0.1363572965,-0.006925252179,-0.004664955867,0.09564517665,0.443722867,-0.04501345333,-0.01603504128,-0.2054096192,-0.1948028133,-0.2431443294,-0.2473562629,0.1552114673,0.2276312476,-0.5125007971,convergence
30,Male,2,Masha12,Masha12-Robot,23%,100%,beer,,,-0.7922152334,0.603632851,0.5945415846,0.603632851,0.2207368783,-0.8453145732,-0.180692553,0.202227753,-0.0854450733,0.515418434,-0.7506851356,0.1569620918,-0.3834944348,-0.6226685108,-0.6931232927,-0.6660073365,-0.709350592,-0.2725182114,0.2207368783,0.1446524201,convergence
25,Female,2,Sarah5,Sarah-5 Furhat,23%,100%,beer,,,0.2795262586,0.2748348091,0.4690965843,0.2748348091,0.2281475256,0.3809234041,0.5683880598,0.3125605724,0.280452889,0.2390178016,0.004957296367,-0.3352158282,0.1161253934,0.4448661669,0.2028098614,0.0009994662456,-0.02438209456,0.1170072185,0.2281475256,0.2165348897,convergence
23,Female,1,Masha11,Masha11-Human,41%,100%,beer,,,0.1187270482,-0.07806253443,0.3486812948,-0.07806253443,-0.2312288134,0.3895166017,-0.1913720054,0.1952170433,-0.3145228565,0.07998072737,-0.5059494893,0.1440830471,-0.1053625241,0.1565688305,-0.01723611729,0.1339934321,0.3425254457,-0.1416224291,-0.2312288134,0.3753948285,convergence
24,Female,1,Sarah9,Sarah-9 Human,36%,100%,beer,,,0.2951830819,-0.0590894401,0.1317451485,-0.0590894401,0.1681123552,-0.06705856212,0.494503456,0.228117625,0.09700586584,0.1311246624,0.06791490472,-0.2963438968,0.1342108353,-0.2384154403,-0.1857465749,-0.1284783074,-0.3317448197,-0.2468140438,0.1681123552,-0.007081543634,convergence
30,Female,1,Nash9,Nash9- Human,41%,83%,beer,,,-0.2567471854,0.1962179572,0.2656744191,0.1962179572,-0.06386930652,0.02891383544,-0.1440960397,0.2930157268,-0.1395392808,0.2736718434,-0.0549645305,-0.04493027005,0.02966696265,-0.04839735726,-0.2046354769,-0.1746308739,-0.09336521842,-0.4129705439,-0.06386930652,0.05193143322,convergence
27,Female,2,Nash1,Nash1,5%,83%,beer,,,0.3563542708,0.4294791658,0.09668570203,0.4294791658,0.2521145928,0.08099215693,0.2719368501,0.5210376911,0.06500480645,0.4978740657,0.2568226283,-0.1540052363,0.02406440223,0.2167469162,-0.2040476496,0.3136624933,0.24480697,0.06197077477,0.2521145928,0.1251775391,convergence
22,Male,1,Nash3,Nash3,41%,83%,beer,,,0.1721236383,0.5330853698,0.4167050365,0.5330853698,0.1781336831,0.5680424045,-0.1467832636,0.2048567363,0.1577092995,0.3145769032,0.2979814827,-0.1334970559,-0.1854793818,-0.07908147442,-0.09184392666,-0.02770609588,-0.3999993081,0.1406678245,0.1781336831,-0.003646974116,convergence
22,Male,1,Nash2,Nash2,32%,50%,beer,,,0.5392418312,0.517028404,0.5559188276,0.517028404,0.3672646485,0.3192738227,-0.02267597109,0.6172951956,0.123739029,0.5130469707,0.132323003,-0.05229136334,-0.1853733923,0.2511779277,-0.1139742325,0.1256367429,0.1971245618,0.1822058511,0.3672646485,0.07563330038,convergence
26,Male,1,Dekel-6,Dekel-6,23%,100%,beer,,,-0.2249689769,0.2929975336,-0.2782572313,0.2929975336,0.342083953,-0.1039974314,0.1692790914,0.3397817992,-0.05897517056,0.1908061163,0.3441729835,-0.1513154206,-0.3458341065,0.02342628432,-0.01823513472,0.05772327193,0.1966169025,0.3333147816,0.342083953,0.4650324354,convergence
66,Male,1,Nash8,Nash8- Human,50%,83%,beer,,,0.1143798642,0.1686935064,0.3885903862,0.1686935064,0.003025487334,-0.1817649936,0.002389911214,0.3090861842,-0.2326488935,0.2394593605,0.4264523348,-0.4276062761,0.3117832737,-0.2202597688,-0.4682418575,-0.08255367966,-0.1755345401,0.003278221356,0.003025487334,-0.4242064262,convergence
35,Male,1,Nash6,Nash6- Human,14%,50%,beer,,,0.00318864267,0.3921497353,-0.04240581635,0.3921497353,-0.0005386312003,-0.3015544243,-0.05779559431,0.2310247339,-0.2802309358,0.3402076458,-0.09499724209,0.1355919158,0.09138305584,0.09135201113,-0.1347477872,0.2425643413,0.09733823418,-0.2369053757,-0.0005386312003,-0.2796146343,convergence
27,Male,2,dekel-5,Dekel-5,18%,83%,beer,,,0.2013060768,-0.1013791477,0.1102298244,-0.1013791477,-0.3096956363,-0.181371674,-0.3867621961,-0.1426019794,-0.3671155493,-0.149990461,0.2410520309,-0.08101501177,-0.1481178447,0.1379199927,-0.1962584718,-0.152103779,0.266661904,-0.325639397,-0.3096956363,-0.1166623652,convergence
24,Female,1,dekel-8,Dekel-8 Human,23%,83%,beer,,,0.0747644423,0.5048280298,0.01467607016,0.5048280298,0.2988973172,0.001163679968,0.4239876186,0.2901336823,0.2558197563,0.3676052013,0.01904482213,0.2594683015,-0.6308066451,-0.05936036525,-0.5924999326,-0.5143105574,0.5290388963,0.2413489078,0.2988973172,0.3812500955,convergence
25,Female,1,Nash10,Nash10- Human,27%,83%,beer,,,-0.2619440922,0.6356834598,0.4417775949,0.6356834598,0.2319532473,-0.01780454074,-0.01226877146,0.2472064964,-0.2956154789,0.4622967911,0.3016631453,-0.06676927435,0.004182126278,0.1410912171,-0.01327952595,0.005252303886,0.575391264,-0.4436785533,0.2319532473,-0.0368912968,convergence
22,Female,2,Dekel-2 Furhat,Dekel-2 Furhat,23%,83%,beer,,,0.2365855697,0.3856975624,0.2880909353,0.3856975624,0.08148148226,0.07213529536,0.0004216709618,0.4731472509,-0.1175484596,0.2668003787,0.3580781608,-0.4212580833,0.02612440235,0.2089444079,-0.4402295381,-0.199289328,-0.317090439,-0.1903500138,0.08148148226,0.1168778758,convergence
23,Female,2,Nash7,Nash7- Robot,9%,100%,beer,,,-0.03088031722,0.1587236081,0.2954006965,0.1587236081,0.3109654797,-0.4148406627,0.1225152694,0.3588185147,0.1456414906,0.2454741146,-0.07481724379,0.1381198125,-0.601512746,0.2320496621,0.08506577339,0.06441648227,-0.6762199092,0.1985088594,0.3109654797,-0.2243580247,convergence
26,Male,2,Dekel/3,Dekel-3 Furhat,14%,100%,beer,,,0.09252149627,-0.08214205575,-0.3774965656,-0.08214205575,-0.4015952423,-0.1256202563,-0.1948431582,-0.2675118588,-0.3927833661,0.0256387987,0.1486034588,0.1549954203,-0.3294383101,-0.2408694988,0.1208853002,0.5659301752,0.3925309677,-0.2538703071,-0.4015952423,0.02898993662,convergence
24,Male,1,Masha10,Masha10-Human,14%,67%,beer,,,0.06618003288,-0.3471407037,-0.2021174135,-0.3471407037,-0.343132747,0.001805149057,-0.109531075,-0.4332186006,-0.1700486883,-0.5071304584,0.005975672909,-0.1813729996,-0.1971333207,-0.07707418315,-0.2858622415,0.02756622562,-0.1850075206,-0.2012392639,-0.343132747,-0.1121282685,convergence
60,Male,2,Sarah-2,Sarah-2 Furhat,9%,100%,beer,,,0.1715746033,0.1543762067,0.3602468731,0.1543762067,0.1979942067,0.1495416812,-0.06728395733,0.1405779038,0.2348421347,0.1938289846,0.4416155856,0.290029223,-0.09559584731,0.488211646,0.09522323797,-0.2560549615,0.2533390268,0.2409521042,0.1979942067,0.1890808491,convergence
24,Female,1,Masha8,Masha8-Human,5%,50%,beer,,,0.469263655,0.367382441,-0.03771284964,0.367382441,-0.1216474161,0.3283206601,-0.08248261618,0.2262697847,-0.4310802026,0.2122228155,0.09133873922,0.0251427245,0.3565996564,-0.2311608134,-0.06122505853,-0.01151081394,-0.2204370774,-0.02252540712,-0.1216474161,0.1978968109,convergence
25,Male,2,Sarah7,Sarah-7 Human,14%,100%,beer,,,0.08201355521,-0.2245362998,-0.2636070498,-0.2245362998,0.1911507286,0.2594828506,0.3659360385,0.1741233394,-0.07768285233,0.1569781868,0.3064569424,-0.3167493418,-0.3752003785,0.004154256695,-0.1651902998,-0.009221206893,-0.1205083277,-0.2007692483,0.1911507286,-0.150135151,convergence
26,Male,1,Nash-Dec 10 12:30- Human- Male,Nash-Dec 10 12_30- Human- Male,41%,83%,beer,,,0.1544821727,0.03926691835,0.07876763668,0.03926691835,-0.1781681636,0.2142714389,0.2837299207,0.02892802018,0.04710941124,0.03145884054,0.2304793839,-0.1866403818,-0.4401700336,-0.5430946746,-0.4687823343,-0.2871640525,-0.2235705266,-0.05676417756,-0.1781681636,-0.2542313886,convergence
23,Male,2,Masha5,Masha5-Robot,27%,83%,beer,,,0.1230107419,-0.5988667417,0.2451730782,-0.5988667417,-0.3851908066,-0.05330212224,-0.5024895091,-0.5176747771,-0.3448081339,-0.5825996601,-0.07037705469,0.07224067844,-0.4306227863,-0.05233752537,-0.3550546626,-0.291266031,-0.4822088187,-0.2303383215,-0.3851908066,-0.2049305815,convergence
27,Female,2,Sarah - 507 Furhat,Sarah - 507 Furhat,32%,67%,beer,,,0.02617331976,-0.1910789812,-0.1647141625,-0.1910789812,-0.00871258852,0.487306521,0.1505678035,0.03137180284,0.2242116038,-0.08354483823,0.122602598,0.3422550022,0.1523137842,0.02056894445,0.1580116681,0.4250793997,0.3077844848,0.1885773817,-0.00871258852,0.2827554531,convergence
24,Female,1,Sarah6,Sarah-6 Human,27%,83%,beer,,,0.2619948764,0.07381011826,-0.2451735566,0.07381011826,0.4136055415,-0.1778087313,0.1440007121,0.1199726596,0.2070518759,-0.03216604582,0.3454839408,0.07542907916,-0.1164071963,-0.1602338282,-0.2492504055,-0.2949164418,0.336049807,0.2156858085,0.4136055415,-0.3937149646,convergence
30,Male,1,Dekel-7,Dekel-7 Human,5%,83%,beer,,,0.08292351887,0.5153883043,-0.4478776441,0.5153883043,0.1075954562,0.2726468774,-0.2836828939,0.05423060533,-0.07917510223,0.03838735496,-0.01360106652,0.06603971486,-0.1571326657,-0.02421873881,-0.09805109421,-0.1563729618,0.2395940368,-0.1381821095,0.1075954562,0.2028657252,convergence
23,Male,2,Sarah12,Sarah-12 Furhat,27%,83%,beer,,,0.042665422,0.01131502085,0.1251548708,0.01131502085,0.2838026801,0.05607844655,0.4098662432,0.02530863707,0.2191669314,0.06857974632,0.3092749382,-0.2705937885,0.08319009602,0.2129116097,-0.1565991334,-0.2512119289,0.01927388232,0.2971278346,0.2838026801,-0.02975192364,convergence
24,Male,2,sarah10,Sarah-10 Furhat,14%,67%,beer,,,0.3578734334,0.02424537993,-0.01236699599,0.02424537993,0.05823170894,0.1180520213,0.1566758103,-0.3302527668,-0.01544802576,-0.3831939998,-0.1047849178,-0.04938508938,-0.1884500925,-0.03088322183,0.04404361797,-0.07972642579,-0.4943813318,0.3046520709,0.05823170894,0.03511899733,convergence
23,Female,2,Masha2,Masha2-Robot,32%,83%,beer,,,-0.02042511848,0.243645318,0.1407643832,0.243645318,-0.3362351236,-0.2832597572,-0.2451002458,0.1723487578,-0.3861177031,0.1721645892,-0.2618978486,-0.2059815125,-0.2047076215,0.02855699623,-0.4212855726,-0.08392948819,-0.09750112424,-0.4778706779,-0.3362351236,-0.03521278957,convergence
24,Female,2,Masha4,Masha4-Robot,23%,67%,beer,,,-0.04865720039,-0.313620538,0.009004866497,-0.313620538,0.3488351052,0.1672345878,0.4543467586,-0.1099385763,0.37978216,-0.2380413124,-0.1515787251,0.5057835498,-0.3809823964,-0.1810805861,-0.09176582968,0.2400430084,0.1649784049,0.2572413782,0.3488351052,0.3359643335,convergence
26,Male,2,Sarah11,Sarah-11 Furhat,9%,83%,beer,,,0.081982116,-0.03077140377,0.08137773106,-0.03077140377,0.3972757212,0.3668386858,0.5336967004,-0.1783930195,0.2098921693,-0.2455164148,-0.3020969471,-0.2154498291,-0.1863090118,-0.008029555743,-0.1062721198,-0.319116762,0.008080176533,0.3600491584,0.3972757212,-0.4401248927,convergence
24,Female,2,Sarah8,Sarah-8 Furhat,27%,67%,beer,,,-0.2394302475,0.1388257043,0.1226985689,0.1388257043,-0.1868455299,0.4981372315,0.1154300187,-0.1411131372,-0.2280280395,0.04187075245,-0.1368994162,0.2105718638,-0.2780715564,0.235697057,-0.2327869625,0.6064143441,0.06877501848,-0.05162647606,-0.1868455299,-0.1209764241,convergence
54,Male,1,Nash4,Nash4- Human,14%,50%,beer,,,0.3082032567,0.5103912982,0.4446828417,0.5103912982,0.2834656318,-0.0374275423,0.5034388197,-0.2136701508,0.0332487005,-0.09190884199,0.5304959237,-0.17657372,-0.02527800084,0.06880898656,0.0426373222,0.3631976898,-0.0004625445997,0.05585279935,0.2834656318,-0.5393804077,convergence
24,Female,1,Masha3,Masha3-Human,32%,100%,beer,,,0.2081503968,0.09627566695,0.2944395444,0.09627566695,0.2061673809,0.1420978629,0.3958529506,0.009118298015,0.1198537156,0.01119084916,0.3633310325,0.01313242726,0.3247590688,-0.2798523917,0.06288669719,-0.3084864616,0.2456153038,0.2964297639,0.2061673809,-0.2184060359,convergence
24,Female,1,sarah13,Sarah-13 Human,41%,67%,beer,,,0.195070287,-0.3710190019,-0.3933022289,-0.3710190019,0.0723456889,-0.05122435918,0.1307681342,0.01067118275,-0.1955235627,-0.05141895466,-0.2021848166,-0.1920170885,-0.06323116107,-0.2728102477,-0.05977809333,-0.02919902142,-0.3536911405,-0.1397364575,0.0723456889,-0.03591959637,convergence
52,Female,2,Masha9,Masha9-Robot,27%,100%,beer,,,0.6099497329,0.8162277779,0.6624060469,0.8162277779,-0.7669574404,-0.240037618,0.3795737775,0.7187190044,0.05679019027,0.7475642952,0.885842092,0.1643959371,0.3614377935,0.2470924987,0.3945727338,0.4287606177,0.6756603413,-0.4645621614,-0.7669574404,0.4690354219,convergence
24,Male,2,Masha13,Masha13-Robot,23%,83%,beer,,,0.5800562768,0.5388300506,0.4493432713,0.5388300506,-0.756171912,-0.3993452936,-0.5699113904,0.6122974281,-0.4090411609,0.5171211006,-0.129213738,0.4049566902,0.6231407874,-0.2340124394,0.4450635571,-0.826242552,0.8002462812,-0.8880202701,-0.756171912,0.6046059809,convergence
22,Female,2,Masha14,Masha14-Robot,36%,100%,beer,,,-0.234296311,-0.09118772219,0.09208664804,-0.09118772219,0.4736450161,0.2972621501,0.09243226771,0.4216855612,0.6848249504,0.3530401242,0.5132874,0.2779821228,0.4470659089,0.3404052153,0.5283741125,0.617888978,0.5374989499,0.2441687607,0.4736450161,-0.3320597265,convergence
29,Male,2,masha7,Masha7-Robot,18%,83%,beer,,,0.3480778426,0.1651278398,-0.01208893695,0.1651278398,0.06857728443,0.08904211541,0.4770962392,0.13383476,0.01499213766,-0.002792832188,0.4952268301,-0.09902297873,0.05910303363,0.2559167581,-0.3905652949,0.07783280345,0.2337511566,0.2204757647,0.06857728443,-0.1061342994,convergence
26,Female,1,sarah4,Sarah-4 Human,44%,83%,venomous,,,-0.4433954646,0.2659088102,0.1935153324,0.2659088102,-0.3561293296,-0.6110911361,-0.04029431636,-0.007182359386,-0.1916038495,-0.1369318037,0.4023164436,0.132565647,-0.6277728101,-0.3510418287,-0.2284277916,-0.03263418962,-0.0551138247,-0.1062666263,-0.3561293296,-0.3983120797,synchrony
23,Female,2,Nash- Dec 11 16:30- Robot- Female,Nash- Dec 11 16_30- Robot- Female,28%,50%,venomous,,,0.1977408638,-0.3360408366,-0.4153409555,-0.3360408366,-0.4125913228,-0.436939688,-0.6374065848,-0.3398965568,-0.4864883619,-0.3710167677,0.5530689184,0.2143487068,0.1472371488,-0.4043630514,0.06084923714,0.032247114,-0.2033853158,-0.3903301134,-0.4125913228,0.2399230774,synchrony
22,Male,2,Nash- Dec 11 17:30- Robot- Male,Nash- Dec 11 17_30- Robot- Male,41%,83%,venomous,,,0.04351867402,0.009708018079,0.4739654686,0.009708018079,-0.3546150162,-0.5422845662,-0.2138685998,0.1859161964,-0.3752154217,0.2872305939,0.08640623622,-0.1584927386,0.09051231296,-0.4149753174,0.1758861407,-0.6338461738,0.1646520053,-0.2699676765,-0.3546150162,-0.5211161676,synchrony
49,Female,1,Nash5,Nash5- Human,25%,50%,venomous,,,0.1008995551,-0.5421045598,-0.556761673,-0.5421045598,0.03281996053,-0.1354562981,0.2077420101,-0.03353877593,0.137902541,-0.2202893413,-0.07469884488,-0.09764586188,-0.465671482,0.3153471849,-0.3034957487,0.07944599491,-0.3772217692,-0.05964218001,0.03281996053,0.06694791857,synchrony
30,Male,2,Masha12,Masha12-Robot,31%,100%,venomous,,,-0.3575038203,0.7067581343,0.6508452951,0.7067581343,0.5894730743,0.6077762242,0.5812333748,0.748978364,0.7384513883,0.6453759253,-0.04138637729,-0.4136447036,-0.1802381244,-0.3624644854,-0.2153809448,-0.7540911624,-0.2696147706,0.6365969385,0.5894730743,0.2598043926,synchrony
25,Female,2,Sarah5,Sarah-5 Furhat,38%,100%,venomous,,,0.3140065162,-0.0569282226,0.0637221682,-0.0569282226,-0.4549276484,-0.4186222396,0.266985593,0.3521916579,-0.2341595411,0.1222559599,0.2210319161,-0.2674463819,-0.4024504539,-0.02275475328,-0.2926717331,-0.08324886499,0.3214217604,-0.2923477364,-0.4549276484,-0.3452908434,synchrony
23,Female,1,Masha11,Masha11-Human,44%,67%,venomous,,,0.5488254378,0.1892455256,0.1261991898,0.1892455256,-0.194919944,-0.1064552479,0.3747717114,0.2996894212,0.2028760113,0.2809385283,-0.2699603711,-0.1839012607,0.09556153595,-0.6702000749,-0.2019913153,-0.6140469361,-0.1311865347,-0.109764971,-0.194919944,-0.04932305532,synchrony
24,Female,1,Sarah9,Sarah-9 Human,19%,83%,venomous,,,0.2339690701,-0.1532257411,-0.3120162893,-0.1532257411,-0.1208017884,-0.477801894,-0.06716426338,0.1135466056,-0.3400687198,0.136750312,0.3247459402,0.05711527602,0.2151873059,0.3196991952,-0.1017705398,-0.2123112766,0.1581831425,-0.1503180308,-0.1208017884,0.2324861543,synchrony
30,Female,1,Nash9,Nash9- Human,50%,83%,venomous,,,-0.5278631192,-0.1482965747,-0.498882674,-0.1482965747,0.04994272321,-0.1674026212,0.1180716086,-0.1095317785,-0.09733749786,0.02610757432,0.04928576583,0.3996050322,-0.004848952296,0.1204397935,0.3070556239,0.1140987315,-0.2695504671,-0.06385197886,0.04994272321,-0.05102847827,synchrony
27,Female,2,Nash1,Nash1,28%,33%,venomous,,,-0.3935365016,-0.4818106749,-0.2503561975,-0.4818106749,-0.4005296015,-0.7091026691,-0.08363680276,-0.5482529971,-0.1042166389,-0.5639980994,0.1711958257,0.07033580999,-0.2570923852,-0.3767539859,-0.08234802089,0.4228412861,0.2433789706,-0.4846737593,-0.4005296015,0.4404877836,synchrony
22,Male,1,Nash3,Nash3,41%,100%,venomous,,,-0.551476305,0.4734072321,-0.0682873223,0.4734072321,0.1348239583,-0.2912033804,0.1743912502,0.2955279899,0.3072468118,0.3931706775,-0.1532145963,-0.3201972781,0.0938864025,-0.1036653267,-0.3187020709,-0.1056452967,-0.06176417789,0.4438030828,0.1348239583,-0.1204893156,synchrony
22,Male,1,Nash2,Nash2,31%,50%,venomous,,,-0.2801888857,-0.2691889034,-0.05753184761,-0.2691889034,-0.4145036287,-0.4036646741,-0.2974610004,-0.03771871656,-0.1777814854,-0.08285344341,0.3905860203,-0.0248778196,-0.4344815716,0.03989963058,-0.1284121583,-0.114039703,0.5023275728,-0.04511308932,-0.4145036287,-0.4262656718,synchrony
26,Male,1,Dekel-6,Dekel-6,22%,100%,venomous,,,0.1496416308,0.1034276278,0.3303323352,0.1034276278,0.004434077003,-0.3526507439,-0.05085229433,0.4969666287,-0.08402114322,0.3837409267,0.167965083,-0.1009710776,-0.1042541828,-0.2440078146,-0.1998144097,-0.2052124509,-0.2515867028,-0.1223585185,0.004434077003,-0.1657642019,synchrony
66,Male,1,Nash8,Nash8- Human,41%,67%,venomous,,,-0.1181669234,-0.05358396993,0.05323220034,-0.05358396993,-0.2363924756,-0.3847627587,-0.1593444852,-0.158180803,-0.06651793389,-0.1002834851,0.2289445311,-0.1917998597,-0.1659466272,0.138310385,0.1168807955,0.3029138675,-0.1746321406,-0.2925535562,-0.2363924756,0.03602519869,synchrony
35,Male,1,Nash6,Nash6- Human,19%,83%,venomous,,,-0.09655771303,-0.1117426207,-0.3115812765,-0.1117426207,-0.4156074355,-0.4882998354,-0.2825090431,-0.08852054478,-0.4013150163,-0.171127318,0.06245616737,-0.1941598812,0.07677701438,-0.3849313552,-0.3292381909,-0.07673163282,-0.206973493,-0.2752862696,-0.4156074355,-0.6435196848,synchrony
27,Male,2,dekel-5,Dekel-5,34%,50%,venomous,,,0.2535397831,-0.2443431601,0.2170490711,-0.2443431601,0.1748525959,0.1520309205,-0.001609903136,0.04142173369,0.2619625672,0.09345188983,0.1500144774,0.08037704488,0.1634912925,-0.2445928825,-0.0931095014,0.1569908918,-0.1718884444,0.2036441688,0.1748525959,0.00147274911,synchrony
24,Female,1,dekel-8,Dekel-8 Human,31%,100%,venomous,,,-0.06937742387,-0.1840865241,-0.08754525644,-0.1840865241,-0.467683893,-0.2205564883,-0.1611322716,-0.1627061396,-0.2802267272,-0.1135795681,0.01957881941,-0.3258422014,0.08998396882,-0.07873811387,-0.2225714137,-0.2489227709,-0.1874494913,-0.4245968533,-0.467683893,-0.3432849431,synchrony
25,Female,1,Nash10,Nash10- Human,16%,83%,venomous,,,0.02973989504,0.2924022506,0.2460276284,0.2924022506,0.2686322057,-0.2286611911,0.07749752439,0.09220271736,0.2034970671,0.1107831046,-0.3116592713,0.3907438507,-0.07384721001,0.07182064403,-0.2479619633,0.1935239938,-0.0608606801,-0.01084738798,0.2686322057,0.2540566248,synchrony
22,Female,2,Dekel-2 Furhat,Dekel-2 Furhat,38%,67%,venomous,,,0.1660222349,-0.1906059879,0.2088698959,-0.1906059879,0.2646480476,-0.3633232851,0.2810691576,0.2169346241,0.1176259989,0.01783136297,-0.2869196415,0.04017135213,-0.1228548099,-0.2077122385,-0.1584578962,0.2295418963,-0.3374228019,-0.154987831,0.2646480476,0.1969149386,synchrony
23,Female,2,Nash7,Nash7- Robot,31%,67%,venomous,,,-0.3191376775,0.05325762666,0.3821320235,0.05325762666,-0.3563192362,0.1135800129,-0.2164145809,0.01429860243,-0.3045142582,0.02924323579,0.2224555794,0.2347868282,-0.1404127976,0.1611339429,-0.05797233137,0.1509346914,-0.2071581041,-0.2639995731,-0.3563192362,0.1618923882,synchrony
26,Male,2,Dekel/3,Dekel-3 Furhat,19%,50%,venomous,,,-0.03780264437,-0.6478489698,-0.7270134584,-0.6478489698,-0.2069721086,0.1656432295,-0.4138064537,-0.3440659071,-0.4420076369,-0.3111353999,0.3466579922,0.3015959964,-0.5571678489,-0.4875841325,0.1702409122,-0.4938625413,0.2886001076,-0.3675358984,-0.2069721086,0.3719269977,synchrony
24,Male,1,Masha10,Masha10-Human,31%,83%,venomous,,,0.3160306286,0.1113579857,-0.08687120325,0.1113579857,0.1125703233,-0.05948818658,-0.0699004703,-0.1986515763,-0.03128584427,-0.2227028657,0.324325162,-0.1007489127,-0.01335786069,0.213802231,-0.2194456336,0.294529911,0.2229039984,-0.2769526344,0.1125703233,0.06333772859,synchrony
60,Male,2,Sarah-2,Sarah-2 Furhat,34%,83%,venomous,,,-0.04191271271,0.1462245116,-0.2927458282,0.1462245116,-0.1566992917,-0.4747358428,0.2857477598,-0.06226049168,-0.1235894151,0.2060155266,0.5901127732,0.2412950698,-0.0196388092,0.2203452783,0.4531512711,0.4249863346,0.678956765,0.2195210656,-0.1566992917,0.07382580745,synchrony
24,Female,1,Masha8,Masha8-Human,34%,67%,venomous,,,-0.1542696059,0.1691676401,0.4233437524,0.1691676401,0.1062625697,-0.2369890287,-0.2453210254,-0.1085796408,-0.2340154075,-0.1551835476,0.3913845473,-0.1764717317,0.001315499056,-0.4459606066,0.4085703118,-0.0002498420244,0.6693117217,0.2766469156,0.1062625697,-0.4036485572,synchrony
25,Male,2,Sarah7,Sarah-7 Human,34%,83%,venomous,,,0.1935562347,-0.08289473663,0.2005944919,-0.08289473663,-0.6388403946,-0.06322338913,-0.5914347608,0.1026535996,-0.6683526507,0.08527607709,-0.3878941435,-0.137516097,-0.05841059272,-0.607883426,-0.1591638834,-0.3041821059,-0.1918349431,-0.4692461877,-0.6388403946,-0.3118117339,synchrony
26,Male,1,Nash-Dec 10 12:30- Human- Male,Nash-Dec 10 12_30- Human- Male,25%,67%,venomous,,,0.1848249892,0.1795274951,0.2665215799,0.1795274951,0.4947150341,0.1090220474,-0.07024815878,0.1561002163,0.1587096808,0.2465094561,-0.07535515368,0.1386733954,0.4987889109,0.2624045,0.3675569461,0.06003106364,0.2141379156,0.4558080199,0.4947150341,0.007006063712,synchrony
23,Male,2,Masha5,Masha5-Robot,47%,100%,venomous,,,-0.1155999946,-0.1540448136,0.1254410347,-0.1540448136,0.1629697847,-0.3225292224,0.3281652267,0.107307918,0.3050506219,0.02176487922,0.1297654019,-0.4751799923,0.1544472134,0.1682624461,-0.1969607215,-0.1379703081,0.06905515897,0.5645324597,0.1629697847,-0.03267188128,synchrony
27,Female,2,Sarah - 507 Furhat,Sarah - 507 Furhat,44%,67%,venomous,,,-0.1258079587,0.3244178701,0.444125312,0.3244178701,0.1897021918,0.2037312274,0.01421933918,0.3719167941,0.1817167605,0.2881520643,-0.4813999034,-0.5984580786,0.03398782572,-0.03710482933,0.4196436585,0.2160358135,0.3548141726,0.4326382254,0.1897021918,-0.07927180523,synchrony
24,Female,1,Sarah6,Sarah-6 Human,31%,83%,venomous,,,-0.05340818628,-0.1810644947,0.06530710959,-0.1810644947,-0.2963352475,-0.3088536926,-0.4439252553,0.1756644951,-0.1013270462,0.1468371899,-0.006831502592,-0.2514239095,-0.3762110219,0.3228779671,-0.3917826002,0.4463240923,0.06343578731,-0.07795016739,-0.2963352475,-0.1464667992,synchrony
30,Male,1,Dekel-7,Dekel-7 Human,22%,100%,venomous,,,0.1628737875,0.1221424852,-0.2074763415,0.1221424852,0.4201106234,0.1151295697,0.5666082858,0.1233003075,0.6076826565,0.1778241822,0.009726746553,-0.143274005,-0.2910381017,-0.5357990907,-0.2545637457,-0.3562899783,-0.2239639313,0.4717973525,0.4201106234,-0.1302526487,synchrony
23,Male,2,Sarah12,Sarah-12 Furhat,31%,100%,venomous,,,0.26386788,-0.2767037607,-0.3059417036,-0.2767037607,-0.6199900168,0.1728277737,-0.5676657831,-0.255629061,-0.6116112355,-0.3113030512,0.06771371811,0.1798499982,0.2575247935,-0.09578474879,-0.0335704957,0.3316765247,-0.1114619692,-0.655699718,-0.6199900168,-0.11755683,synchrony
24,Male,2,sarah10,Sarah-10 Furhat,44%,100%,venomous,,,-0.1880098364,0.1744068945,-0.01271805306,0.1744068945,-0.05413545437,0.3730738308,-0.4257898739,-0.08760865942,-0.2693974231,-0.06544415934,-0.09103633597,-0.05899421977,0.1011440607,-0.09132103293,-0.2087789024,-0.1313265495,0.0517032556,-0.2797770847,-0.05413545437,0.3565861426,synchrony
23,Female,2,Masha2,Masha2-Robot,41%,83%,venomous,,,-0.06309781898,-0.04001935852,0.343043799,-0.04001935852,0.2875526922,0.2208624081,0.4764051297,0.05501411912,0.2982619381,0.02562390739,-0.1679649517,-0.0493386405,0.2929850573,-0.1072481199,-0.04323822724,-0.3556152692,-0.2770009081,0.3678284353,0.2875526922,0.2733423933,synchrony
24,Female,2,Masha4,Masha4-Robot,34%,67%,venomous,,,0.197844216,-0.001747529855,0.1310092379,-0.001747529855,-0.002438570477,-0.03720069624,-0.2962032513,-0.1207666716,0.1107494443,0.01753062482,-0.01994405172,-0.05922782804,-0.2335103449,-0.0174920594,-0.321214593,-0.1040520517,0.03981756388,0.2616546005,-0.002438570477,-0.102481867,synchrony
26,Male,2,Sarah11,Sarah-11 Furhat,41%,100%,venomous,,,0.3060850663,-0.2399328767,-0.1687142467,-0.2399328767,-0.04663352498,-0.04033652316,-0.3859298276,-0.4567875677,-0.1542793385,-0.3122974267,0.442612498,-0.09272673146,-0.08767658529,-0.1711189169,-0.1839622807,0.04942244107,-0.1198297557,0.1375649728,-0.04663352498,-0.4217435584,synchrony
24,Female,2,Sarah8,Sarah-8 Furhat,38%,100%,venomous,,,0.3096121856,0.2980998944,0.5066484987,0.2980998944,0.4652605452,0.4334592361,0.08734142527,0.7106946147,0.4679196837,0.4609342201,0.3832138919,-0.2514933351,0.5481905909,0.03269687496,-0.214969697,-0.2932104657,0.1881096671,0.5416747456,0.4652605452,-0.582921358,synchrony
54,Male,1,Nash4,Nash4- Human,41%,83%,venomous,,,-0.1859697813,-0.3756339601,-0.4549918947,-0.3756339601,-0.242646348,-0.4601047766,0.02862484714,-0.2413734159,-0.1961039581,-0.3437663668,-0.09207772852,-0.09948124103,-0.03967487185,-0.18144585,0.2122630638,-0.1025401774,0.1852031919,-0.3402637399,-0.242646348,0.09269499182,synchrony
24,Female,1,Masha3,Masha3-Human,41%,67%,venomous,,,0.1127846158,0.0390172148,-0.01248938749,0.0390172148,0.03268655265,0.2921349042,0.01828749006,0.03229128864,0.05021146298,-0.09815407956,0.1653606664,0.1087825972,0.0680362817,-0.08374802226,0.3686032522,-0.02499973162,0.08217419052,0.04975180582,0.03268655265,0.2110992997,synchrony
24,Female,1,sarah13,Sarah-13 Human,31%,67%,venomous,,,0.2856184332,-0.2406211464,-0.3380900591,-0.2406211464,0.09726831411,0.06070031247,-0.02723283284,-0.3137105456,0.06670232317,-0.3092778239,0.3283268244,-0.05516648901,-0.4317201264,0.4981180115,-0.3157527406,-0.1946719111,0.2703265733,0.4302384769,0.09726831411,0.1031055883,synchrony
52,Female,2,Masha9,Masha9-Robot,38%,67%,venomous,,,0.1223859373,-0.1765066413,0.09551655051,-0.1765066413,-0.2100313599,0.4745962617,-0.005864041545,0.0858163288,0.1999617165,-0.07217485264,0.3679391519,-0.6177557896,0.6159326074,0.5230950823,0.7416078619,0.4167830827,0.6737720514,0.3807980397,-0.2100313599,0.2461010206,synchrony
24,Male,2,Masha13,Masha13-Robot,28%,100%,venomous,,,-0.593099281,0.5948402909,0.6144737484,0.5948402909,-0.07505776982,0.5905732906,0.1156665163,0.3698013706,0.3216911843,0.6040811403,0.2630732325,0.6832717088,0.07949346496,-0.5367354578,0.4696078551,0.7456795627,-0.5715365518,0.1190577213,-0.07505776982,0.6554810975,synchrony
22,Female,2,Masha14,Masha14-Robot,50%,100%,venomous,,,0.4137242309,0.3990539893,0.1419601173,0.3990539893,0.4014911585,0.3552145734,0.6818058184,0.4640630252,0.6225096048,0.2542303533,0.3056593701,0.03688763483,0.02723205536,-0.08558005265,0.1988396914,-0.1566583864,0.2444812353,0.7015326952,0.4014911585,0.2677954454,synchrony
29,Male,2,masha7,Masha7-Robot,69%,100%,venomous,,,0.1843086483,-0.0698492864,-0.3939271948,-0.0698492864,0.3612712422,0.4316058207,0.129806648,-0.1614286775,-0.0651652513,-0.1139169474,-0.02767803452,-0.142744896,-0.6137279368,0.06720028235,-0.0850231151,-0.1099687029,-0.08784263161,0.3877908914,0.3612712422,0.08330084812,synchrony